{"inertia": {"2": 3030737.088498159, "3": 2221817.8569847997, "4": 1883299.392782687, "5": 1634872.40655655, "6": 1478619.076503237, "7": 1353640.0278208947, "8": 1265638.4529148783, "9": 1185666.1381484657, "10": 1125059.9394396276}, "silhouette_scores": {"2": 0.8432069215441179, "3": 0.7325545039387397, "4": 0.6117156824872315, "5": 0.7202316498850971, "6": 0.41964351025920243, "7": 0.293558738655691, "8": 0.37308076667370205, "9": 0.3886055072695225, "10": 0.2929566035635496}, "davies_bouldin_scores": {"2": 0.4402068993262242, "3": 0.5456933370471974, "4": 0.6249734099916632, "5": 0.5269710996958062, "6": 0.7436185014962512, "7": 1.3626866848930104, "8": 0.7694275882801465, "9": 0.8224024878226885, "10": 1.0420840220193461}}