{"inertia": {"2": 2991154.608264313, "3": 2183134.9518318726, "4": 1847160.0866625693, "5": 1602493.464622567, "6": 1444072.9887527835, "7": 1329329.9150523122, "8": 1243075.5418447023, "9": 1172097.958126922, "10": 1115440.0493007568}, "silhouette_scores": {"2": 0.8506558260989543, "3": 0.7451920736475472, "4": 0.6350671991076862, "5": 0.698379295182975, "6": 0.6092298784094717, "7": 0.516657485454212, "8": 0.2887874664139157, "9": 0.4453553311190339, "10": 0.26362835062603074}, "davies_bouldin_scores": {"2": 0.4322671269002513, "3": 0.5403362493426725, "4": 0.633769329277539, "5": 0.5494621744721921, "6": 0.5400024874458412, "7": 0.6868961388931062, "8": 1.0918437418050086, "9": 0.8890219846693255, "10": 1.0351186204731868}}