{"inertia": {"2": 2995236.866588805, "3": 2186948.4300575806, "4": 1853083.6495895467, "5": 1608147.0246412212, "6": 1453041.807314299, "7": 1330196.4808782013, "8": 1238304.6762919046, "9": 1162229.678038398, "10": 1107002.447916847}, "silhouette_scores": {"2": 0.8491849467387702, "3": 0.7442288693507949, "4": 0.7085563874564432, "5": 0.6708839036773693, "6": 0.6089048370444204, "7": 0.5091377530721873, "8": 0.48122224149398896, "9": 0.3642008625611965, "10": 0.32077756559876885}, "davies_bouldin_scores": {"2": 0.4370031399745355, "3": 0.5426977494765969, "4": 0.5600910013405184, "5": 0.5585662991507262, "6": 0.5384731223667303, "7": 0.7189724447432043, "8": 0.7524571364264478, "9": 0.8559651861074248, "10": 0.974476697170892}}